100003,1300058,Lakshit Mansinghka,4,N/A,No,Yes,No,,,,30-09-2009
100009,1300058,Aryan Somani,4,N/A,No,Yes,No,,,,
100003,1300058,Priyansh Goyal,4,N/A,No,Yes,No,,,,
400008,1300058,Prateek Mathur,4,N/A,No,Yes,No,,,,
400019,1300058,Sheersha Mathur,4,N/A,No,Yes,No,,,,
,1300058,Nidhi Jain,4,N/A,No,Yes,No,,,,
,1300058,Maneesh Choudhary,4,N/A,No,Yes,No,,,,
,1300058,Anshul Mehta,4,N/A,No,Yes,No,,,,
,1300058,Vaidehi Sarda,5,N/A,No,Yes,No,,,,
,1300058,Gaurav Kogta,5,N/A,No,Yes,No,,,,
,1300058,Priyam Sumani,5,N/A,No,Yes,No,,,,
,1300058,Pratyush Tyagi,5,N/A,Yes,Yes,Yes,,,,
,1300058,Harshal Sutriya,5,N/A,No,Yes,No,,,,
,1300058,Akshat Lohiya,5,N/A,No,Yes,No,,,,
,1300058,Hardik Rastogi,5,N/A,No,Yes,No,,,,
,1300058,Parakaram Singh,5,N/A,No,Yes,No,,,,
,1300058,Anisha Oad,5,N/A,No,Yes,No,,,,
,1300058,Chelsy Jain,5,N/A,No,Yes,No,,,,
,1300058,Shreya Dasot,5,N/A,No,Yes,No,,,,
,1300058,Ananya Agarwal,5,N/A,Yes,Yes,Yes,,,,
,1300058,Dhruv Mansinghka,5,N/A,No,Yes,No,,,,
,1300058,Suphia Ansari,5,N/A,No,Yes,No,,,,
,1300058,Anushka Jhanwar,5,N/A,No,Yes,No,,,,
,1300058,Keshav Mansinghka,5,N/A,Yes,No,No,,,,
,1300058,Asha,5,N/A,No,Yes,No,,,,
,1300058,Kandarp Surana,6,N/A,No,Yes,No,,,,
,1300058,Daksh Baheti,6,N/A,No,Yes,No,,,,
,1300058,Samaradhi,6,N/A,No,No,Yes,,,,
,1300058,Pratyush Nolkha,6,N/A,Yes,Yes,No,,,,
,1300058,Pulkit,6,N/A,No,Yes,No,,,,
,1300058,Sayam,6,N/A,No,Yes,No,,,,
,1300058,Vipul,6,N/A,No,Yes,No,,,,
,1300058,Sakshi Mudani,6,N/A,Yes,Yes,Yes,,,,
,1300058,Anirudh Tushniwal,7,N/A,No,Yes,No,,,,
,1300058,Sourav Maloo,7,N/A,No,Yes,No,,,,
,1300058,Jatin Jain,7,N/A,No,Yes,No,,,,
,1300058,Aadish Choudhary,7,N/A,No,Yes,No,,,,
